{
  "relation": {
    "precision": 1.0,
    "recall": 0.8,
    "f1-score": 0.888888888888889,
    "support": 5,
    "confused_with": {}
  },
  "avocat": {
    "precision": 0.7142857142857143,
    "recall": 1.0,
    "f1-score": 0.8333333333333333,
    "support": 5,
    "confused_with": {}
  },
  "immobiler": {
    "precision": 1.0,
    "recall": 1.0,
    "f1-score": 1.0,
    "support": 1,
    "confused_with": {}
  },
  "ville": {
    "precision": 1.0,
    "recall": 1.0,
    "f1-score": 1.0,
    "support": 4,
    "confused_with": {}
  },
  "micro avg": {
    "precision": 0.875,
    "recall": 0.9333333333333333,
    "f1-score": 0.9032258064516129,
    "support": 15
  },
  "macro avg": {
    "precision": 0.9285714285714286,
    "recall": 0.95,
    "f1-score": 0.9305555555555556,
    "support": 15
  },
  "weighted avg": {
    "precision": 0.9047619047619048,
    "recall": 0.9333333333333333,
    "f1-score": 0.9074074074074073,
    "support": 15
  }
}